first_name,last_name,email,gender,job,salary
Abbe,Ballam,aballam0@indiatimes.com,Male,Quality Engineer,2745.69
Tessa,Drane,tdrane1@paypal.com,Female,Account Representative III,8706.34
Wenona,Haszard,whaszard2@smugmug.com,Female,Dental Hygienist,3548.71
Constance,Crockett,ccrockett3@plala.or.jp,Female,Senior Cost Accountant,3975.37
Yvon,Gauld,ygauld4@cisco.com,Male,Budget/Accounting Analyst IV,9727.12
Bertram,Baverstock,bbaverstock5@comcast.net,Male,Help Desk Technician,7989.76
Trueman,Heggie,theggie6@example.com,Male,Web Designer II,5205.83
Vaclav,Adnett,vadnett7@plala.or.jp,Male,Account Coordinator,3929.92
Georges,Boumphrey,gboumphrey8@hexun.com,Male,Media Manager III,7987.16
Armando,Limbrick,alimbrick9@whitehouse.gov,Male,Electrical Engineer,9505.98
Mahala,Fallowfield,mfallowfielda@w3.org,Female,Analog Circuit Design manager,9072.86
Beret,Chaise,bchaiseb@imdb.com,Female,Associate Professor,9549.26
Wade,Dutteridge,wdutteridgec@liveinternet.ru,Male,Graphic Designer,6275.76
Hazlett,Haithwaite,hhaithwaited@google.com.hk,Male,Geological Engineer,6759.38
Kenny,Billes,kbillese@bbc.co.uk,Male,Human Resources Manager,5668.96
Peadar,Sired,psiredf@devhub.com,Male,Social Worker,6284.83
Geno,Eric,gericg@tuttocitta.it,Male,Quality Engineer,8273.1
Warner,Curryer,wcurryerh@mit.edu,Male,Senior Developer,8827.59
Jason,Millan,jmillani@tripadvisor.com,Male,Accounting Assistant II,6290.21
Pietro,Eam,peamj@woothemes.com,Male,Research Nurse,6315.1
Kimberley,Goulstone,kgoulstonek@army.mil,Female,Senior Sales Associate,8011.02
Maia,Choake,mchoakel@amazon.de,Genderqueer,Pharmacist,6166.08
Gabie,Glantz,gglantzm@purevolume.com,Male,Software Test Engineer II,2065.24
Inga,Dingsdale,idingsdalen@nps.gov,Female,Environmental Tech,3193.86
Tomas,Smuth,tsmutho@trellian.com,Male,Teacher,9555.8
Kaila,Niess,kniessp@jimdo.com,Female,Administrative Assistant III,8361.79
Ursola,Mathonnet,umathonnetq@amazon.com,Female,Librarian,5211.67
Tabb,Abrey,tabreyr@nasa.gov,Male,Senior Developer,3015.69
Sawyere,Mew,smews@hud.gov,Genderqueer,Assistant Professor,4010.08
Giustino,Van der Baaren,gvanderbaarent@hao123.com,Male,Desktop Support Technician,2420.79
Rachel,Furmedge,rfurmedgeu@gmpg.org,Genderqueer,Media Manager IV,8046.04
Claudina,Hammor,chammorv@weibo.com,Female,VP Product Management,4234.55
Amara,Cranidge,acranidgew@liveinternet.ru,Female,Programmer I,6060.15
Essie,Lamb,elambx@shutterfly.com,Female,Dental Hygienist,9950.83
Marje,Garley,mgarleyy@arizona.edu,Female,Registered Nurse,8054.92
Farah,Kochl,fkochlz@cbc.ca,Female,Teacher,9788.22
Aurilia,Danels,adanels10@sourceforge.net,Female,Information Systems Manager,5554.04
Marlene,McSharry,mmcsharry11@google.es,Female,Research Nurse,5073.0
Kalil,Swanbourne,kswanbourne12@springer.com,Male,Administrative Officer,6983.47
Cris,Infante,cinfante13@goo.ne.jp,Male,Database Administrator IV,4989.46
Shell,Quinney,squinney14@spotify.com,Female,Environmental Specialist,4805.53
Martina,MacMenemy,mmacmenemy15@example.com,Female,Graphic Designer,7494.75
Clayson,Soreau,csoreau16@ucoz.com,Non-binary,Biostatistician II,9387.98
Jojo,Crollman,jcrollman17@oakley.com,Non-binary,Chief Design Engineer,8942.29
Yoko,Ridpath,yridpath18@myspace.com,Female,Accountant I,7550.25
Purcell,Ousby,pousby19@time.com,Male,Librarian,8200.02
Raimondo,Bigmore,rbigmore1a@youtube.com,Male,Electrical Engineer,7970.18
Betsy,Lowerson,blowerson1b@fotki.com,Female,Mechanical Systems Engineer,3408.34
Carita,Boreland,cboreland1c@theglobeandmail.com,Female,Civil Engineer,4821.99
Chrisse,Seiller,cseiller1d@sbwire.com,Male,Food Chemist,5749.9
Annora,Arney,aarney1e@addthis.com,Bigender,Database Administrator I,5988.09
Ly,Pryell,lpryell1f@people.com.cn,Male,VP Product Management,2987.2
Viviyan,Bodocs,vbodocs1g@salon.com,Female,Clinical Specialist,6934.24
Standford,Hayler,shayler1h@dedecms.com,Male,Quality Engineer,3201.93
Suzy,Medd,smedd1i@google.de,Female,Business Systems Development Analyst,2557.38
Lauree,de Broke,ldebroke1j@studiopress.com,Female,VP Quality Control,4266.35
Zolly,Auld,zauld1k@oaic.gov.au,Male,VP Marketing,5317.81
Meridith,Dubble,mdubble1l@google.ca,Female,Office Assistant I,9825.94
Raynor,Jemmison,rjemmison1m@nifty.com,Male,Health Coach IV,8418.19
Grayce,Biesterfeld,gbiesterfeld1n@va.gov,Female,Teacher,5871.08
Mason,Basil,mbasil1o@dyndns.org,Male,Recruiter,9609.97
Missy,Cradey,mcradey1p@usa.gov,Female,Geologist III,7455.03
Mace,Rosellini,mrosellini1q@pagesperso-orange.fr,Male,Occupational Therapist,2088.77
Craggy,Kirman,ckirman1r@wired.com,Male,Software Consultant,7497.5
Elyn,Bavister,ebavister1s@wikispaces.com,Female,Operator,8754.27
Leoine,Bateman,lbateman1t@barnesandnoble.com,Female,Occupational Therapist,6578.02
Keslie,Gioan,kgioan1u@jalbum.net,Female,Sales Associate,4979.21
Haskel,Dunridge,hdunridge1v@ed.gov,Male,Sales Associate,5594.02
Cherianne,Panchin,cpanchin1w@ibm.com,Female,Teacher,8543.13
Burg,Mintoft,bmintoft1x@marriott.com,Male,Nurse,2009.02
Eduardo,Babon,ebabon1y@yelp.com,Male,Product Engineer,3827.47
Caleb,Ville,cville1z@usda.gov,Polygender,Dental Hygienist,4816.73
Lefty,Culpen,lculpen20@google.co.uk,Male,Recruiter,6953.92
Guillema,Crebbin,gcrebbin21@usa.gov,Female,Research Nurse,3881.66
Alvan,Shere,ashere22@utexas.edu,Male,Information Systems Manager,5087.08
Holly-anne,Garbutt,hgarbutt23@ycombinator.com,Female,Geologist II,4510.62
Cloe,Raise,craise24@amazon.com,Agender,Structural Analysis Engineer,7092.25
Cy,Asling,casling25@admin.ch,Male,Engineer I,2684.02
Anjanette,Scotchmor,ascotchmor26@surveymonkey.com,Female,Software Engineer III,8355.36
Beck,Atte-Stone,battestone27@ifeng.com,Male,Actuary,4808.49
Oliy,Luca,oluca28@wunderground.com,Female,Senior Financial Analyst,7587.92
Caspar,Naile,cnaile29@pen.io,Male,Operator,2339.79
Mendie,Janowski,mjanowski2a@latimes.com,Male,Nuclear Power Engineer,6764.05
Clive,Paolone,cpaolone2b@ebay.co.uk,Male,Safety Technician II,2774.92
Sioux,Piccop,spiccop2c@myspace.com,Female,Financial Analyst,9857.39
Franny,O'Fallon,fofallon2d@bigcartel.com,Male,Teacher,3348.87
Armstrong,Brougham,abrougham2e@google.co.uk,Male,Compensation Analyst,7169.28
Clayborne,Kamienski,ckamienski2f@t-online.de,Male,Nurse Practicioner,9377.77
Corty,Causer,ccauser2g@studiopress.com,Male,VP Product Management,6399.28
Deloris,Gremane,dgremane2h@freewebs.com,Female,Quality Engineer,5372.7
Junie,Ferraro,jferraro2i@t-online.de,Female,Chemical Engineer,7393.96
Inigo,Krzyzaniak,ikrzyzaniak2j@businessweek.com,Male,Biostatistician II,6480.0
Bernetta,Myrtle,bmyrtle2k@example.com,Female,Pharmacist,8282.74
Budd,Prentice,bprentice2l@wikipedia.org,Male,Electrical Engineer,9688.98
Malia,Baldery,mbaldery2m@stumbleupon.com,Female,Research Assistant IV,3125.1
Cicely,Nichol,cnichol2n@timesonline.co.uk,Female,Technical Writer,4713.82
Sergei,Bibb,sbibb2o@shutterfly.com,Male,Marketing Manager,6588.72
Essy,Labrow,elabrow2p@salon.com,Female,Dental Hygienist,6243.29
Ashien,Bliben,abliben2q@shinystat.com,Female,Human Resources Assistant II,6067.22
Liva,Whyke,lwhyke2r@multiply.com,Female,Nuclear Power Engineer,9517.98
Randolf,Brangan,rbrangan2s@flickr.com,Male,Assistant Manager,4749.15
Errick,Breewood,ebreewood2t@360.cn,Male,Financial Advisor,3051.63
Westleigh,Winspur,wwinspur2u@ftc.gov,Male,Operator,8313.45
Ramsay,Borham,rborham2v@prnewswire.com,Male,VP Accounting,2057.57
Jasmina,Goldhill,jgoldhill2w@so-net.ne.jp,Female,Budget/Accounting Analyst III,5981.3
Kaile,Chesney,kchesney2x@wix.com,Female,Systems Administrator III,3386.14
Jephthah,Curner,jcurner2y@feedburner.com,Bigender,Cost Accountant,7486.98
Wilburt,Bahia,wbahia2z@xrea.com,Male,Librarian,7403.55
Georgeanna,Moehler,gmoehler30@dropbox.com,Female,Structural Analysis Engineer,3131.59
Patin,Veart,pveart31@woothemes.com,Male,Tax Accountant,6335.93
Skell,Kubiczek,skubiczek32@globo.com,Male,VP Product Management,5350.06
Raf,Couser,rcouser33@statcounter.com,Female,Chief Design Engineer,2638.61
Fritz,Lanfere,flanfere34@nih.gov,Male,Physical Therapy Assistant,9322.37
Pattin,Ramsbottom,pramsbottom35@jugem.jp,Male,Database Administrator I,8129.11
Cullen,Dighton,cdighton36@lulu.com,Male,Social Worker,6838.93
Rivkah,Coronado,rcoronado37@soup.io,Female,Product Engineer,4162.37
Law,Kubelka,lkubelka38@wikispaces.com,Male,Tax Accountant,8803.44
Trace,Sweetman,tsweetman39@wisc.edu,Polygender,Nurse,2138.6
Kendre,Wimpeney,kwimpeney3a@mail.ru,Agender,Community Outreach Specialist,7225.98
Trina,Haggeth,thaggeth3b@yandex.ru,Female,Dental Hygienist,7239.72
Kailey,Louedey,klouedey3c@wsj.com,Female,Accountant IV,5508.2
Des,Hallwell,dhallwell3d@51.la,Male,Clinical Specialist,4513.37
Rosie,Schoenleiter,rschoenleiter3e@google.pl,Female,Media Manager IV,2310.62
Jacky,Barwack,jbarwack3f@quantcast.com,Polygender,Project Manager,9735.42
Isabel,Mangeney,imangeney3g@toplist.cz,Female,Pharmacist,5941.45
Eberhard,Barends,ebarends3h@t.co,Male,Help Desk Technician,5230.8
Willamina,Burrow,wburrow3i@purevolume.com,Female,Operator,2792.0
Foss,Jaegar,fjaegar3j@unc.edu,Male,Software Consultant,9066.38
Cristionna,Schleicher,cschleicher3k@indiegogo.com,Female,General Manager,4582.08
Evan,Janse,ejanse3l@noaa.gov,Male,Nurse,3713.05
Nert,Cotilard,ncotilard3m@bizjournals.com,Female,Help Desk Technician,9006.75
Nikoletta,Gulberg,ngulberg3n@flavors.me,Female,Geologist I,5550.59
Clemente,Krysztofiak,ckrysztofiak3o@tuttocitta.it,Male,Engineer I,4044.56
Raff,Grellis,rgrellis3p@livejournal.com,Male,Librarian,7394.47
Jeremy,Summersett,jsummersett3q@wikimedia.org,Male,Associate Professor,8400.78
Hussein,Bruin,hbruin3r@youku.com,Male,Legal Assistant,8021.1
Cati,Gauvain,cgauvain3s@baidu.com,Female,Junior Executive,2481.42
Ellette,Shoebotham,eshoebotham3t@usda.gov,Female,Dental Hygienist,5596.3
Roxie,Rubartelli,rrubartelli3u@marketwatch.com,Female,Technical Writer,3173.79
Marcile,Benesevich,mbenesevich3v@patch.com,Female,Analog Circuit Design manager,4624.98
Noam,Dureden,ndureden3w@xrea.com,Male,Programmer Analyst II,7063.01
Jonas,Sango,jsango3x@alibaba.com,Bigender,Professor,8084.89
Paulie,Clohisey,pclohisey3y@state.tx.us,Non-binary,Assistant Media Planner,4342.4
Chaunce,Narraway,cnarraway3z@qq.com,Male,Legal Assistant,8288.55
Joceline,Eccleston,jeccleston40@tmall.com,Female,Civil Engineer,6416.84
Alford,Peckham,apeckham41@pinterest.com,Genderqueer,Research Nurse,2209.03
Allsun,Leathard,aleathard42@mediafire.com,Bigender,Information Systems Manager,8901.06
Esmeralda,Eirwin,eeirwin43@globo.com,Female,Research Nurse,2368.27
Eirena,Preece,epreece44@mapy.cz,Female,Research Associate,2105.74
Cathi,Forte,cforte45@simplemachines.org,Female,Assistant Professor,7919.25
Madelon,Frankom,mfrankom46@oracle.com,Bigender,Executive Secretary,4737.3
Barnaby,Cluff,bcluff47@exblog.jp,Male,Payment Adjustment Coordinator,5116.74
Vince,Bockmaster,vbockmaster48@w3.org,Male,VP Accounting,8052.14
Gabriellia,Alexandrou,galexandrou49@zimbio.com,Female,Staff Scientist,7070.41
Finley,Tipple,ftipple4a@webs.com,Male,Senior Sales Associate,6286.52
Martyn,Abeau,mabeau4b@vinaora.com,Male,Recruiter,4434.32
Aryn,Fassan,afassan4c@ehow.com,Female,Associate Professor,9179.83
Welch,Berthomieu,wberthomieu4d@simplemachines.org,Male,Assistant Media Planner,6405.94
Jack,Tagg,jtagg4e@china.com.cn,Male,Dental Hygienist,3777.55
Lucilia,Cassells,lcassells4f@privacy.gov.au,Genderfluid,Sales Associate,9439.48
Ferrel,Penas,fpenas4g@bloomberg.com,Male,Financial Analyst,6987.17
Gale,Saunt,gsaunt4h@dyndns.org,Female,Dental Hygienist,3243.25
Sigfried,Childe,schilde4i@huffingtonpost.com,Male,Payment Adjustment Coordinator,5597.65
Martin,Tomik,mtomik4j@amazon.co.jp,Genderfluid,Senior Developer,5924.96
Trista,Kynsey,tkynsey4k@storify.com,Female,Web Developer III,4901.83
Albert,Deighton,adeighton4l@amazon.de,Male,Financial Analyst,4776.6
Germaine,Rhoddie,grhoddie4m@google.pl,Male,Cost Accountant,3075.23
Cordelia,Shiell,cshiell4n@examiner.com,Female,Software Engineer II,7393.34
Gladi,Samper,gsamper4o@msu.edu,Female,GIS Technical Architect,2365.3
Gifford,Trow,gtrow4p@spiegel.de,Male,Programmer II,9373.46
Wilmar,Phillcock,wphillcock4q@cyberchimps.com,Male,Research Assistant III,5021.04
Burlie,Houlahan,bhoulahan4r@patch.com,Male,Dental Hygienist,8783.87
Shara,Caspell,scaspell4s@goo.ne.jp,Female,Senior Sales Associate,9125.26
Rachael,Gavini,rgavini4t@mlb.com,Female,Physical Therapy Assistant,3021.01
Francesca,Videneev,fvideneev4u@simplemachines.org,Female,Web Designer IV,5264.23
Kort,Sillito,ksillito4v@narod.ru,Male,Cost Accountant,6574.87
Lindsay,Clotworthy,lclotworthy4w@eventbrite.com,Male,GIS Technical Architect,5549.08
Gordy,Bernaldez,gbernaldez4x@meetup.com,Male,Web Designer IV,6575.32
Jeniffer,Novak,jnovak4y@mozilla.com,Female,Teacher,9658.94
Nona,Pernell,npernell4z@soup.io,Female,Paralegal,4413.47
Thacher,Lepope,tlepope50@samsung.com,Male,Design Engineer,5726.02
Averil,Panting,apanting51@jigsy.com,Male,Paralegal,3404.54
Mable,Hasnip,mhasnip52@ehow.com,Female,Analyst Programmer,4000.39
Bendicty,Bortoli,bbortoli53@histats.com,Male,Programmer Analyst II,3228.59
Royal,Heare,rheare54@umn.edu,Male,VP Sales,5417.31
Iosep,Carnihan,icarnihan55@hatena.ne.jp,Male,Senior Cost Accountant,3512.49
Keir,Sneyd,ksneyd56@lycos.com,Male,Systems Administrator I,9328.94
Rochette,Karlowicz,rkarlowicz57@fotki.com,Non-binary,Civil Engineer,8590.8
Ginelle,Novotni,gnovotni58@storify.com,Female,Programmer III,2261.58
Winnie,Dictus,wdictus59@tripadvisor.com,Female,GIS Technical Architect,8234.14
Romain,Spacey,rspacey5a@hibu.com,Male,Structural Engineer,8190.36
Edythe,Peterson,epeterson5b@google.com.br,Female,Senior Financial Analyst,5824.12
Martita,Dieton,mdieton5c@ow.ly,Female,Software Engineer IV,7371.28
Scarface,Ramos,sramos5d@istockphoto.com,Male,Environmental Specialist,5158.35
Leticia,Isham,lisham5e@chronoengine.com,Female,Account Representative I,5053.43
Kendal,Blackall,kblackall5f@census.gov,Male,Director of Sales,2356.45
Belia,Edsell,bedsell5g@accuweather.com,Female,Office Assistant II,7029.72
Guthrie,Vase,gvase5h@census.gov,Male,Assistant Professor,9727.41
Melisent,Banasevich,mbanasevich5i@csmonitor.com,Female,Research Nurse,7060.65
Riannon,Wane,rwane5j@oracle.com,Female,Technical Writer,3965.93
Layney,Scapelhorn,lscapelhorn5k@w3.org,Female,Editor,4082.08
Susanetta,O'Mohun,somohun5l@pinterest.com,Female,Administrative Assistant IV,9420.73
Pennie,Baldin,pbaldin5m@pinterest.com,Female,Computer Systems Analyst II,6767.6
Bethena,Imort,bimort5n@aol.com,Female,Recruiter,7519.88
Sumner,Landell,slandell5o@themeforest.net,Male,Product Engineer,9334.97
Andres,Challiner,achalliner5p@bbc.co.uk,Male,Software Consultant,9080.9
Aubert,Stubbert,astubbert5q@cocolog-nifty.com,Bigender,Sales Representative,8071.68
Cobbie,Morgan,cmorgan5r@prnewswire.com,Male,Paralegal,9735.27
Elias,Tieraney,etieraney5s@cloudflare.com,Male,Account Executive,6065.64
Huntley,Inworth,hinworth5t@samsung.com,Male,Software Test Engineer IV,8219.68
Antoinette,Egalton,aegalton5u@squarespace.com,Female,Product Engineer,2437.6
Mar,Heskey,mheskey5v@plala.or.jp,Male,Graphic Designer,7245.43
Inez,Andreutti,iandreutti5w@360.cn,Female,Professor,7868.96
Yettie,Hendron,yhendron5x@fastcompany.com,Female,Desktop Support Technician,3124.83
Quent,Krebs,qkrebs5y@taobao.com,Male,Teacher,2393.48
Krisha,Mulder,kmulder5z@vk.com,Male,Senior Developer,2303.34
Carlo,Ickovic,cickovic60@joomla.org,Male,Quality Control Specialist,5428.7
Gerladina,Toffoletto,gtoffoletto61@pbs.org,Female,Developer I,3892.63
Sabina,Simacek,ssimacek62@theatlantic.com,Genderfluid,Health Coach II,6771.92
Jean,Antley,jantley63@hc360.com,Male,Graphic Designer,2181.92
Carmela,Dunderdale,cdunderdale64@usnews.com,Female,Programmer III,9797.26
Caroline,Holleworth,cholleworth65@berkeley.edu,Female,Nurse Practicioner,5391.43
Corilla,Bradder,cbradder66@tinypic.com,Female,Marketing Manager,8153.93
Shermy,Aggott,saggott67@1und1.de,Agender,Geologist I,4703.54
Ellyn,Jonsson,ejonsson68@ask.com,Female,Registered Nurse,9949.99
Zia,Bodemeaid,zbodemeaid69@creativecommons.org,Female,Web Developer I,4517.05
Yankee,Keoghane,ykeoghane6a@upenn.edu,Male,Account Executive,5455.58
Cristabel,Hathwood,chathwood6b@artisteer.com,Female,Assistant Manager,7406.32
Urbano,Dineges,udineges6c@chicagotribune.com,Male,Teacher,5429.99
Shirleen,Ellsom,sellsom6d@friendfeed.com,Female,Chemical Engineer,8319.36
Garrard,Holmyard,gholmyard6e@paginegialle.it,Male,Staff Scientist,2485.24
Melisent,Warne,mwarne6f@ucoz.ru,Polygender,Teacher,4942.72
Flori,Iacovo,fiacovo6g@wunderground.com,Female,Occupational Therapist,4345.28
Dex,Katz,dkatz6h@gmpg.org,Male,Business Systems Development Analyst,3440.83
Giffy,Hanscom,ghanscom6i@t.co,Male,Nurse,8735.07
Keslie,Sebyer,ksebyer6j@google.ru,Female,Business Systems Development Analyst,2041.09
Rene,Strainge,rstrainge6k@chron.com,Male,Developer IV,2892.44
Ciro,Carslake,ccarslake6l@unc.edu,Agender,Help Desk Operator,6649.29
Myrlene,Worsom,mworsom6m@intel.com,Female,Senior Developer,6536.34
Oren,Medlar,omedlar6n@nationalgeographic.com,Male,Senior Editor,5424.22
Fionna,Tidcombe,ftidcombe6o@webmd.com,Bigender,Accountant I,9478.71
Anthia,Mattersey,amattersey6p@drupal.org,Polygender,Recruiting Manager,8948.7
Shepherd,MacGahy,smacgahy6q@wikimedia.org,Male,Software Engineer III,5072.59
Woody,Klimkin,wklimkin6r@archive.org,Male,Accountant II,6124.09
Georgianne,Bode,gbode6s@auda.org.au,Female,Sales Representative,9985.23
Ignatius,Laborde,ilaborde6t@g.co,Male,Assistant Manager,2492.97
Way,Chason,wchason6u@icio.us,Male,Assistant Manager,5011.52
Arliene,Bagby,abagby6v@hubpages.com,Female,Systems Administrator II,6602.14
Clarita,Gavaran,cgavaran6w@behance.net,Female,Legal Assistant,5527.78
Shir,Furber,sfurber6x@webs.com,Agender,Senior Financial Analyst,6271.73
Elene,Gilcrist,egilcrist6y@usatoday.com,Female,Food Chemist,2284.8
Mayer,Hinemoor,mhinemoor6z@google.com.br,Male,Senior Cost Accountant,3005.77
Minor,Amerighi,mamerighi70@hugedomains.com,Male,Chemical Engineer,5989.15
Isidoro,Obert,iobert71@netlog.com,Male,Structural Analysis Engineer,4706.06
Doralyn,Saura,dsaura72@bizjournals.com,Female,Information Systems Manager,8710.2
Walker,Sellers,wsellers73@taobao.com,Male,Developer III,4816.31
Lynelle,Dumblton,ldumblton74@marriott.com,Female,Health Coach I,8727.96
Gradeigh,Ashbrook,gashbrook75@cbsnews.com,Male,Systems Administrator III,5223.2
Hildegaard,Hartly,hhartly76@lulu.com,Female,Business Systems Development Analyst,6447.55
Dannye,Moreno,dmoreno77@patch.com,Female,Civil Engineer,2089.11
Catrina,Grafhom,cgrafhom78@bloomberg.com,Female,Assistant Professor,7479.04
Correy,Phetteplace,cphetteplace79@sun.com,Genderfluid,Structural Analysis Engineer,8216.52
Ginelle,de Clerk,gdeclerk7a@amazon.co.uk,Female,Executive Secretary,5875.22
Catharina,Smales,csmales7b@reddit.com,Female,General Manager,7370.66
Genovera,Bretelle,gbretelle7c@infoseek.co.jp,Female,Account Coordinator,8188.79
Waldon,Cutford,wcutford7d@clickbank.net,Male,Web Designer II,2408.39
Lionello,Stanwix,lstanwix7e@rediff.com,Male,Database Administrator III,7753.09
Ikey,Glancy,iglancy7f@yelp.com,Male,Programmer Analyst IV,9544.27
Dorry,Lawfull,dlawfull7g@youtube.com,Female,Environmental Specialist,8568.88
Raymund,Jellings,rjellings7h@cnbc.com,Male,Media Manager II,2052.12
Rea,Brekonridge,rbrekonridge7i@amazon.com,Female,Administrative Officer,4558.59
Hall,Loveridge,hloveridge7j@huffingtonpost.com,Male,Administrative Assistant III,9610.32
Allix,Millam,amillam7k@columbia.edu,Female,Programmer Analyst III,4320.15
Gamaliel,Brighouse,gbrighouse7l@kickstarter.com,Agender,Staff Accountant III,2805.97
Sholom,Jickells,sjickells7m@creativecommons.org,Male,Electrical Engineer,7040.86
Myrle,Featonby,mfeatonby7n@bbc.co.uk,Female,Executive Secretary,8619.3
Orson,Tolomei,otolomei7o@mayoclinic.com,Male,Desktop Support Technician,6369.31
Ogden,Cyster,ocyster7p@weebly.com,Male,Sales Representative,9383.17
Immanuel,Skittrall,iskittrall7q@sina.com.cn,Male,Software Consultant,5984.42
Fayette,Dollin,fdollin7r@cocolog-nifty.com,Female,Safety Technician II,4787.4
Sammie,Kleeborn,skleeborn7s@jigsy.com,Male,Staff Accountant II,8330.49
Cornell,Massingham,cmassingham7t@bbb.org,Male,Administrative Officer,6078.59
Beverlee,Cotterell,bcotterell7u@shareasale.com,Female,Programmer IV,7074.14
Allistir,Kauble,akauble7v@yandex.ru,Male,Programmer IV,8622.66
Odilia,Kacheler,okacheler7w@unicef.org,Female,Senior Financial Analyst,8450.71
Shandie,McGahey,smcgahey7x@cam.ac.uk,Female,Marketing Manager,5957.88
Sarene,Semiras,ssemiras7y@t.co,Female,Pharmacist,7407.37
Bernice,Maurice,bmaurice7z@usatoday.com,Female,Quality Engineer,8896.99
Kinsley,Shaddick,kshaddick80@google.com.hk,Male,Food Chemist,6072.19
Hubie,Mallinson,hmallinson81@telegraph.co.uk,Male,Accountant IV,7287.81
Price,Lindenstrauss,plindenstrauss82@t-online.de,Male,Engineer II,6397.3
Brunhilde,Copelli,bcopelli83@hud.gov,Female,Human Resources Manager,8895.86
Janna,Keasley,jkeasley84@netscape.com,Female,Paralegal,2630.36
Nertie,Fell,nfell85@mozilla.org,Bigender,Project Manager,5794.89
Mead,Tripcony,mtripcony86@yelp.com,Male,Staff Accountant II,3198.88
Ingeberg,Pittock,ipittock87@over-blog.com,Female,Tax Accountant,6785.81
Esmeralda,Ainscough,eainscough88@craigslist.org,Genderqueer,Project Manager,5835.73
Bernita,Woffinden,bwoffinden89@amazon.co.uk,Female,Administrative Officer,7101.36
Alexis,Rivallant,arivallant8a@vistaprint.com,Male,Biostatistician III,8962.41
Rowland,Decroix,rdecroix8b@va.gov,Male,Pharmacist,6618.83
Johanna,Hopewell,jhopewell8c@gov.uk,Female,Registered Nurse,5888.26
Kenneth,Iddiens,kiddiens8d@accuweather.com,Male,Structural Engineer,8437.55
Locke,Sleeny,lsleeny8e@issuu.com,Male,Food Chemist,2347.44
Bailey,Wale,bwale8f@geocities.com,Male,Dental Hygienist,9651.18
Shanie,Youdell,syoudell8g@blog.com,Female,Help Desk Technician,2180.17
Marsha,Krzysztof,mkrzysztof8h@alibaba.com,Female,VP Product Management,6764.47
Moises,O'Dowling,modowling8i@uiuc.edu,Male,Computer Systems Analyst II,6708.92
Veronica,Mafham,vmafham8j@tripadvisor.com,Genderfluid,Senior Sales Associate,4162.1
Cole,Ege,cege8k@ustream.tv,Male,Staff Scientist,8124.16
Darryl,Kase,dkase8l@example.com,Male,VP Product Management,9771.01
Donaugh,Crum,dcrum8m@ebay.co.uk,Male,Database Administrator II,2813.57
Nicolis,Keable,nkeable8n@usatoday.com,Male,Software Engineer IV,7291.42
Malena,Brigden,mbrigden8o@trellian.com,Female,Automation Specialist III,5559.53
Emily,Fairy,efairy8p@cnbc.com,Female,Associate Professor,2703.57
Martainn,Bernollet,mbernollet8q@ebay.co.uk,Male,Editor,3977.11
Alisha,Prescott,aprescott8r@bluehost.com,Female,Office Assistant IV,2049.91
Adelice,Jellyman,ajellyman8s@elpais.com,Female,VP Product Management,8241.82
Shelbi,Lodewick,slodewick8t@webmd.com,Female,Senior Cost Accountant,9428.36
Evangelin,Allom,eallom8u@taobao.com,Female,Professor,8759.2
Gerrie,Croney,gcroney8v@cmu.edu,Female,Geological Engineer,3632.11
Bud,Lillecrop,blillecrop8w@phoca.cz,Agender,Project Manager,8309.67
Rudolfo,Eglese,reglese8x@whitehouse.gov,Male,Administrative Assistant IV,2392.71
Fielding,Rosewell,frosewell8y@icq.com,Male,Design Engineer,9306.64
Scot,Maccrie,smaccrie8z@google.it,Male,Staff Scientist,9524.32
Andris,Akess,aakess90@discuz.net,Male,Project Manager,3378.36
Jerrilee,Tattershall,jtattershall91@edublogs.org,Genderfluid,Internal Auditor,7463.91
Isabelle,Dusey,idusey92@topsy.com,Female,Account Executive,9881.79
Gregor,Shrieve,gshrieve93@webs.com,Male,Actuary,9406.37
Fremont,Cantos,fcantos94@dailymail.co.uk,Male,Actuary,5576.05
Adan,Quilligan,aquilligan95@cocolog-nifty.com,Male,Project Manager,5881.7
Shepard,O'Duane,soduane96@si.edu,Male,Administrative Officer,8447.13
Jami,Brack,jbrack97@usda.gov,Female,Software Engineer II,4605.9
Esmaria,Besantie,ebesantie98@github.io,Female,Product Engineer,6636.47
Darby,Parish,dparish99@ucsd.edu,Male,Information Systems Manager,3453.91
Al,Ebden,aebden9a@archive.org,Male,Help Desk Technician,6377.44
Ingelbert,Ash,iash9b@last.fm,Male,Operator,7806.56
Seth,de Najera,sdenajera9c@linkedin.com,Male,Systems Administrator I,8472.45
Cher,Jovicic,cjovicic9d@ftc.gov,Female,Administrative Officer,4058.04
Den,Tugman,dtugman9e@liveinternet.ru,Male,Marketing Manager,9351.6
Hailey,Commin,hcommin9f@netscape.com,Male,Quality Control Specialist,4982.1
Becky,Clowley,bclowley9g@newsvine.com,Female,Developer III,5312.94
Traver,Cadalleder,tcadalleder9h@ebay.com,Male,Help Desk Operator,8108.79
Lucine,Brosoli,lbrosoli9i@telegraph.co.uk,Female,Legal Assistant,8477.41
Nilson,Youles,nyoules9j@mit.edu,Male,Payment Adjustment Coordinator,9065.0
Opal,Le Grys,olegrys9k@bravesites.com,Female,Mechanical Systems Engineer,9243.51
Georgeta,Haddow,ghaddow9l@vinaora.com,Female,Cost Accountant,8067.62
Donni,Louder,dlouder9m@blogspot.com,Female,Software Consultant,6252.59
Sile,Blanch,sblanch9n@senate.gov,Female,Assistant Professor,2616.02
Filippa,Hagstone,fhagstone9o@constantcontact.com,Female,Nurse,3971.81
Katie,Rex,krex9p@nbcnews.com,Female,Administrative Assistant I,6800.01
Conrade,Wrotham,cwrotham9q@huffingtonpost.com,Male,Research Assistant III,4050.69
Hercules,Whitwood,hwhitwood9r@archive.org,Genderqueer,VP Sales,7924.35
Blair,Skett,bskett9s@cam.ac.uk,Male,Safety Technician III,3395.87
Renado,Teasell,rteasell9t@facebook.com,Male,VP Quality Control,9850.04
Minnaminnie,Chat,mchat9u@google.com,Female,Assistant Media Planner,3585.85
Lamar,Masdon,lmasdon9v@google.de,Male,Human Resources Assistant I,6341.51
Myrna,Jaine,mjaine9w@ow.ly,Female,Analog Circuit Design manager,8162.25
Hogan,Ivey,hivey9x@simplemachines.org,Male,Budget/Accounting Analyst II,9398.86
Yorgos,McCraw,ymccraw9y@mac.com,Male,Software Consultant,5239.68
Aubry,Crush,acrush9z@is.gd,Female,Help Desk Operator,6704.91
Jeremias,Howick,jhowicka0@jugem.jp,Male,Software Engineer III,2787.15
Tandie,Faulconbridge,tfaulconbridgea1@networksolutions.com,Agender,Physical Therapy Assistant,7310.3
Kevyn,Delhanty,kdelhantya2@indiegogo.com,Female,Recruiter,7799.94
Myra,Kamiyama,mkamiyamaa3@businesswire.com,Female,Nurse,6903.77
Riva,Figger,rfiggera4@unesco.org,Female,Staff Scientist,9947.55
Orlan,Poulgreen,opoulgreena5@who.int,Male,Information Systems Manager,4848.52
Burke,Agron,bagrona6@networksolutions.com,Male,Recruiter,8702.78
Reece,Mattaser,rmattasera7@forbes.com,Male,Librarian,2325.34
Jeane,Maren,jmarena8@wunderground.com,Female,Editor,3838.12
Tish,Ollerhead,tollerheada9@stanford.edu,Female,Biostatistician III,3111.91
Kipp,Whichelow,kwhichelowaa@businessinsider.com,Male,Software Engineer II,2856.76
Guido,Lauga,glaugaab@meetup.com,Genderqueer,Recruiter,6754.09
Sher,Januszewski,sjanuszewskiac@shop-pro.jp,Female,Sales Representative,5166.06
Pennie,Roe,proead@desdev.cn,Female,Human Resources Manager,5180.4
Romola,Etheredge,retheredgeae@epa.gov,Female,VP Sales,3106.63
Chad,Gerbel,cgerbelaf@csmonitor.com,Male,Speech Pathologist,8835.56
Eb,McKmurrie,emckmurrieag@omniture.com,Male,Accountant III,7248.24
Elmer,Siddens,esiddensah@360.cn,Male,Database Administrator I,2876.91
Michel,Mill,mmillai@paginegialle.it,Male,Junior Executive,6500.86
Arlen,Scoone,ascooneaj@mit.edu,Male,Quality Engineer,6664.04
Abramo,Whilde,awhildeak@zdnet.com,Male,Physical Therapy Assistant,7748.53
Vanda,Abyss,vabyssal@rakuten.co.jp,Female,Help Desk Operator,7079.58
Davine,Blackston,dblackstonam@slashdot.org,Female,Research Assistant II,6352.0
Talyah,Enrich,tenrichan@linkedin.com,Female,Civil Engineer,4981.73
Issiah,Palek,ipalekao@reuters.com,Male,Professor,2122.06
Lynn,Walliker,lwallikerap@wisc.edu,Male,VP Quality Control,9834.09
Krisha,Likely,klikelyaq@cbc.ca,Male,VP Marketing,6487.55
Tybalt,Axworthy,taxworthyar@google.it,Male,VP Sales,2024.76
Izzy,Hunton,ihuntonas@chronoengine.com,Male,Pharmacist,5218.43
Ellene,Rosengarten,erosengartenat@eventbrite.com,Bigender,Help Desk Technician,9063.75
Dorris,Waker,dwakerau@bbc.co.uk,Female,Senior Editor,6465.37
Peter,Hanby,phanbyav@wufoo.com,Male,Geologist I,7882.64
Kiel,Veltmann,kveltmannaw@xing.com,Male,Product Engineer,9556.27
Wildon,Bickerdicke,wbickerdickeax@e-recht24.de,Male,Health Coach III,4062.19
Wheeler,Kiddell,wkiddellay@whitehouse.gov,Male,Accountant IV,8613.64
Nickie,Stook,nstookaz@hibu.com,Female,Nurse,9510.55
Gannon,Capp,gcappb0@livejournal.com,Male,Senior Financial Analyst,2164.03
Stern,Lascell,slascellb1@devhub.com,Male,Physical Therapy Assistant,7055.03
Neale,Pagon,npagonb2@mayoclinic.com,Male,Administrative Assistant III,8430.24
Marya,Charles,mcharlesb3@trellian.com,Female,Chief Design Engineer,9105.41
Jana,Leason,jleasonb4@illinois.edu,Agender,Editor,5227.7
Warde,Jzak,wjzakb5@1und1.de,Male,Software Engineer I,5677.71
Katalin,Abramsky,kabramskyb6@rakuten.co.jp,Female,Community Outreach Specialist,4152.95
Marietta,Durber,mdurberb7@cbslocal.com,Male,VP Quality Control,9661.04
Nana,Fossick,nfossickb8@wordpress.org,Female,Quality Control Specialist,2764.15
Royce,Corn,rcornb9@washington.edu,Male,Human Resources Assistant II,9533.64
Julio,Rogeron,jrogeronba@slideshare.net,Male,Director of Sales,3980.39
Antonius,Spellacy,aspellacybb@github.io,Male,Research Nurse,5663.6
Keefe,O'Sullivan,kosullivanbc@instagram.com,Male,Editor,2503.26
George,Barthrop,gbarthropbd@pinterest.com,Female,Office Assistant II,6693.2
Brody,Osborne,bosbornebe@businessweek.com,Male,Dental Hygienist,8960.8
Loutitia,Earry,learrybf@sfgate.com,Female,Administrative Assistant III,5778.49
Wat,McCullagh,wmccullaghbg@japanpost.jp,Male,Financial Advisor,8422.73
Carline,Leband,clebandbh@princeton.edu,Female,Assistant Media Planner,9374.83
Cahra,Hanscome,chanscomebi@php.net,Female,Associate Professor,4162.52
Enrica,Beaven,ebeavenbj@mapy.cz,Female,Food Chemist,9247.77
Hilliard,Kinastan,hkinastanbk@goo.ne.jp,Male,Mechanical Systems Engineer,2959.11
Brooke,Hambribe,bhambribebl@businessinsider.com,Male,Safety Technician I,6226.7
Olia,Pesik,opesikbm@uiuc.edu,Female,Engineer I,7896.33
Bettina,Gidden,bgiddenbn@skype.com,Female,Software Engineer I,3977.24
Angel,Tyas,atyasbo@etsy.com,Male,Help Desk Operator,6682.39
Dorothee,Crommett,dcrommettbp@google.de,Agender,Sales Representative,6450.38
Gnni,Vogeler,gvogelerbq@ox.ac.uk,Female,Web Developer IV,2335.97
Jedidiah,Precious,jpreciousbr@e-recht24.de,Male,Project Manager,2423.96
Elwyn,Gerardeaux,egerardeauxbs@ycombinator.com,Male,Marketing Manager,8029.43
Gayle,Burbridge,gburbridgebt@parallels.com,Male,Administrative Officer,2688.6
Alanah,Fasse,afassebu@yandex.ru,Female,Food Chemist,5854.06
Betsey,Milnthorpe,bmilnthorpebv@jimdo.com,Female,Senior Cost Accountant,7651.06
Allan,Lattie,alattiebw@technorati.com,Male,Desktop Support Technician,6160.17
Rutledge,Pellatt,rpellattbx@google.it,Male,Health Coach II,2943.06
Lucho,Adair,ladairby@plala.or.jp,Male,Electrical Engineer,3357.68
Lynnea,Bernhart,lbernhartbz@a8.net,Agender,Administrative Officer,6296.91
Mufinella,Zimmer,mzimmerc0@intel.com,Genderqueer,Sales Representative,8764.87
Ardys,Dauncey,adaunceyc1@java.com,Female,Account Executive,3317.63
Dmitri,McFeate,dmcfeatec2@rakuten.co.jp,Male,Administrative Officer,8857.98
Gasparo,Tandy,gtandyc3@si.edu,Male,Senior Sales Associate,8947.36
Hewett,Cleynman,hcleynmanc4@amazon.co.uk,Male,Marketing Manager,4543.65
Hadlee,Allard,hallardc5@wikipedia.org,Male,Recruiter,3180.96
Daniella,Drohan,ddrohanc6@upenn.edu,Female,Accountant IV,8187.47
Augie,Bauman,abaumanc7@example.com,Male,Structural Engineer,2440.67
Brandyn,Ramm,brammc8@woothemes.com,Agender,Automation Specialist IV,8807.57
Zoe,Hubbocks,zhubbocksc9@cocolog-nifty.com,Non-binary,Accountant III,4775.37
Mick,Gibben,mgibbenca@ifeng.com,Male,Programmer Analyst II,7802.94
Care,Murray,cmurraycb@home.pl,Male,Research Associate,7259.01
Cristina,Takos,ctakoscc@eepurl.com,Female,Staff Scientist,8692.74
Kristofer,Titchard,ktitchardcd@artisteer.com,Male,Senior Quality Engineer,4289.92
Malachi,Langsbury,mlangsburyce@amazon.co.uk,Male,Food Chemist,6591.25
Loree,Volette,lvolettecf@privacy.gov.au,Female,Analog Circuit Design manager,7804.71
Louisa,Maybey,lmaybeycg@purevolume.com,Female,Technical Writer,7061.25
Kaylil,Kington,kkingtonch@bloglines.com,Female,Mechanical Systems Engineer,5506.49
Chariot,Franzonetti,cfranzonettici@nsw.gov.au,Male,Payment Adjustment Coordinator,5310.2
Shannan,Bradburne,sbradburnecj@hud.gov,Male,Compensation Analyst,3757.14
Dunn,Gouley,dgouleyck@oakley.com,Male,Sales Associate,4495.15
Amelie,Samber,asambercl@multiply.com,Female,Executive Secretary,2585.17
Filberto,Pinckard,fpinckardcm@ibm.com,Male,Payment Adjustment Coordinator,9222.44
Glori,Hallad,ghalladcn@plala.or.jp,Female,Administrative Officer,3881.82
Helaine,Everitt,heverittco@cocolog-nifty.com,Female,Physical Therapy Assistant,3781.32
Myranda,Sambath,msambathcp@msu.edu,Female,Marketing Assistant,9096.18
Benson,Danton,bdantoncq@mtv.com,Male,Developer III,6602.23
Quincy,Verbeek,qverbeekcr@craigslist.org,Male,Paralegal,7413.56
Lanni,Pallent,lpallentcs@va.gov,Female,Associate Professor,2086.77
Bartlett,Spadazzi,bspadazzict@newyorker.com,Male,Research Nurse,3781.64
Charity,Branch,cbranchcu@loc.gov,Female,Physical Therapy Assistant,9924.11
Artemas,Swede,aswedecv@soup.io,Male,Technical Writer,3424.68
Rita,Barnett,rbarnettcw@wiley.com,Female,Desktop Support Technician,2654.78
Bing,Bolzmann,bbolzmanncx@people.com.cn,Non-binary,GIS Technical Architect,2192.29
Alyss,Malinson,amalinsoncy@cbslocal.com,Female,Project Manager,7414.04
Gerrilee,Kall,gkallcz@theatlantic.com,Female,Nuclear Power Engineer,2204.5
Rosaline,Castello,rcastellod0@google.de,Female,Community Outreach Specialist,5535.21
Cicily,Blacklock,cblacklockd1@narod.ru,Female,Web Designer IV,8474.08
Rafaellle,Cantillon,rcantillond2@cbc.ca,Male,Compensation Analyst,8953.7
Tiler,Ternouth,tternouthd3@state.tx.us,Male,Software Engineer II,5031.63
Johann,Wallen,jwallend4@oracle.com,Male,Budget/Accounting Analyst IV,5411.11
Alis,Sayre,asayred5@geocities.jp,Female,Compensation Analyst,2770.89
Tawnya,Skryne,tskryned6@clickbank.net,Female,Biostatistician II,4233.88
Brittany,Gerbi,bgerbid7@hud.gov,Female,Assistant Media Planner,9222.08
Chalmers,Reap,creapd8@omniture.com,Male,Senior Cost Accountant,6420.01
Pincus,Levy,plevyd9@tripod.com,Male,Nuclear Power Engineer,6113.79
Brooke,Epelett,bepelettda@wp.com,Male,Account Coordinator,5375.61
Maria,Kynaston,mkynastondb@artisteer.com,Female,Product Engineer,6654.22
Bern,Woodwin,bwoodwindc@bandcamp.com,Male,Human Resources Assistant III,4630.47
Dian,Miskelly,dmiskellydd@earthlink.net,Female,Teacher,7477.01
Shaine,Stollmeyer,sstollmeyerde@samsung.com,Female,Food Chemist,6079.66
Shayne,Pittet,spittetdf@yandex.ru,Male,Technical Writer,8982.38
Darla,Korda,dkordadg@bbb.org,Female,Associate Professor,9082.7
Jamie,McTear,jmcteardh@ebay.co.uk,Bigender,Payment Adjustment Coordinator,9692.96
Gabriela,Fullerton,gfullertondi@yahoo.com,Female,VP Sales,8191.05
Bronnie,Gounard,bgounarddj@yandex.ru,Male,Marketing Assistant,5219.4
Charlotta,Greatbank,cgreatbankdk@tmall.com,Female,Data Coordinator,2219.29
Bryce,Skelcher,bskelcherdl@youku.com,Genderqueer,Budget/Accounting Analyst I,6213.6
Benjamen,Daubeny,bdaubenydm@wunderground.com,Male,Marketing Manager,4750.02
Dalenna,Skoate,dskoatedn@phoca.cz,Female,Accountant II,4793.66
Tris,Ingram,tingramdo@businessweek.com,Male,Associate Professor,2102.08
Beitris,Bailess,bbailessdp@wikispaces.com,Female,Account Representative III,8258.37
Artur,Matveyev,amatveyevdq@joomla.org,Male,Accounting Assistant III,2845.29
Louisa,Pendlington,lpendlingtondr@barnesandnoble.com,Female,VP Quality Control,9195.32
Derick,Winram,dwinramds@economist.com,Male,Cost Accountant,3190.25
Sara-ann,Purshouse,spurshousedt@taobao.com,Female,Chemical Engineer,7239.68
Cary,Plaskett,cplaskettdu@sbwire.com,Male,Research Associate,5702.4
Davine,Lumsden,dlumsdendv@cafepress.com,Female,Assistant Manager,6815.86
Nolan,Khotler,nkhotlerdw@mediafire.com,Male,Accountant IV,8792.22
Kelby,Karpenya,kkarpenyadx@wordpress.com,Male,Civil Engineer,3505.68
Cilka,Ordidge,cordidgedy@mozilla.org,Polygender,Nurse,6943.87
Hermia,Vany,hvanydz@aol.com,Female,Associate Professor,5336.77
Rolph,Ridge,rridgee0@reference.com,Male,Systems Administrator III,7046.71
Heloise,Langlands,hlanglandse1@ox.ac.uk,Female,Paralegal,9662.05
Leland,Fudger,lfudgere2@prlog.org,Polygender,Software Consultant,2737.66
Randie,Frisby,rfrisbye3@weibo.com,Male,Safety Technician III,2589.11
Jerrilyn,Vian,jviane4@sciencedirect.com,Female,Structural Engineer,8039.44
Paddy,Hallowes,phallowese5@plala.or.jp,Male,Research Associate,6748.69
Pancho,Vasnetsov,pvasnetsove6@nyu.edu,Male,Quality Engineer,5643.24
Evania,Sywell,esywelle7@huffingtonpost.com,Female,Assistant Professor,2801.35
Kimmi,Drinkhall,kdrinkhalle8@twitter.com,Genderqueer,Information Systems Manager,7272.92
Brear,Bremen,bbremene9@friendfeed.com,Female,Assistant Manager,8465.91
Leigh,Deeprose,ldeeproseea@twitpic.com,Female,Administrative Officer,7249.1
Wallace,Owbrick,wowbrickeb@businessweek.com,Male,Help Desk Operator,3039.77
Veronique,Stranger,vstrangerec@sitemeter.com,Female,Programmer I,3397.57
Tonia,Wyld,twylded@sbwire.com,Bigender,Geologist I,7722.06
Carrissa,Treven,ctrevenee@skyrock.com,Female,Human Resources Manager,8410.5
Whitney,Malenoir,wmalenoiref@pen.io,Female,Nurse Practicioner,9642.64
Freddi,Birtwistle,fbirtwistleeg@e-recht24.de,Female,Senior Editor,2880.75
Harris,Cammocke,hcammockeeh@lycos.com,Male,VP Product Management,8944.99
Thorin,Tapton,ttaptonei@blinklist.com,Male,GIS Technical Architect,5023.54
Lora,Blowing,lblowingej@facebook.com,Female,Sales Associate,7094.97
Garfield,Blacklock,gblacklockek@samsung.com,Male,Analog Circuit Design manager,3783.35
Lutero,Boud,lboudel@stanford.edu,Male,Automation Specialist IV,3269.64
Danny,Brithman,dbrithmanem@liveinternet.ru,Male,Professor,6828.5
Simona,Briance,sbrianceen@unc.edu,Female,Administrative Officer,3840.63
Eartha,Tollerton,etollertoneo@cnn.com,Non-binary,Social Worker,6975.75
Farris,Blacksell,fblacksellep@timesonline.co.uk,Male,Financial Advisor,2660.34
Kara,Kilpatrick,kkilpatrickeq@scribd.com,Female,Data Coordinator,2377.4
Diannne,Illingworth,dillingworther@spotify.com,Female,VP Product Management,8754.3
Lennard,Darrel,ldarreles@illinois.edu,Male,Recruiting Manager,2728.85
Vance,Pashan,vpashanet@goo.gl,Male,Sales Associate,6462.04
Merissa,Delacoste,mdelacosteeu@flavors.me,Female,Senior Editor,6700.93
Ofilia,Redpath,oredpathev@hc360.com,Female,Account Representative III,6862.02
Denny,Punter,dpunterew@sitemeter.com,Female,Marketing Manager,2833.89
Lauretta,Noar,lnoarex@liveinternet.ru,Female,Business Systems Development Analyst,4139.92
Krista,Noni,knoniey@over-blog.com,Female,Registered Nurse,6873.31
Kate,Heintz,kheintzez@free.fr,Female,Research Associate,8147.89
Kane,Conford,kconfordf0@google.it,Male,Programmer I,2581.87
Giordano,Bissiker,gbissikerf1@networkadvertising.org,Male,Engineer III,2409.43
Felisha,Blader,fbladerf2@illinois.edu,Female,GIS Technical Architect,8226.0
Jareb,Heeron,jheeronf3@harvard.edu,Agender,Engineer I,5695.64
Hadlee,Garron,hgarronf4@nps.gov,Male,GIS Technical Architect,4270.15
King,Cashell,kcashellf5@vistaprint.com,Male,Paralegal,7304.46
Britta,Cornewell,bcornewellf6@cam.ac.uk,Female,VP Sales,4280.88
Onida,Spensly,ospenslyf7@mtv.com,Female,VP Product Management,8825.99
Godiva,Bresland,gbreslandf8@sakura.ne.jp,Female,Account Coordinator,9819.08
Yolane,Klemps,yklempsf9@ocn.ne.jp,Female,GIS Technical Architect,4271.13
Pietro,MacElane,pmacelanefa@google.it,Male,Graphic Designer,2149.37
Andy,Screech,ascreechfb@pagesperso-orange.fr,Male,Product Engineer,3163.51
Margaretta,Closs,mclossfc@surveymonkey.com,Female,Budget/Accounting Analyst I,5965.87
Moreen,Hughlin,mhughlinfd@twitpic.com,Female,Civil Engineer,7046.26
Loleta,Anstee,lansteefe@addthis.com,Female,Analyst Programmer,2751.26
Malcolm,Palke,mpalkeff@cdbaby.com,Male,Executive Secretary,4278.55
Helge,Pettigrew,hpettigrewfg@linkedin.com,Female,VP Product Management,5896.71
Les,Firk,lfirkfh@rakuten.co.jp,Male,Nurse,9239.2
Helaina,Boyet,hboyetfi@aol.com,Female,Legal Assistant,5939.12
Alasteir,Estabrook,aestabrookfj@boston.com,Male,Account Executive,8393.78
Tonya,Paeckmeyer,tpaeckmeyerfk@wordpress.org,Female,Quality Control Specialist,3119.56
Dorrie,Brimilcombe,dbrimilcombefl@comcast.net,Female,VP Quality Control,2589.57
Allie,Amps,aampsfm@netlog.com,Female,Operator,7072.93
Stacee,Danilenko,sdanilenkofn@myspace.com,Male,Help Desk Technician,4448.37
Philippine,Salzburger,psalzburgerfo@dion.ne.jp,Female,Speech Pathologist,6086.8
Mattie,Streatfeild,mstreatfeildfp@sitemeter.com,Male,Nurse,7501.67
Anna-diane,Master,amasterfq@ebay.com,Female,Analyst Programmer,4260.59
Libbie,Park,lparkfr@hhs.gov,Genderqueer,Recruiting Manager,3798.6
Goddart,Greedyer,ggreedyerfs@chronoengine.com,Male,Human Resources Assistant I,4430.46
Jareb,Ellgood,jellgoodft@census.gov,Male,Human Resources Assistant IV,8197.49
Kendal,Billany,kbillanyfu@tinyurl.com,Male,Sales Representative,3482.89
Cullin,Kivelhan,ckivelhanfv@phoca.cz,Male,Marketing Manager,8747.09
Reed,Dignall,rdignallfw@nih.gov,Male,Account Representative I,5632.43
Ayn,Ridgedell,aridgedellfx@domainmarket.com,Female,Account Representative IV,2514.84
Indira,Polendine,ipolendinefy@nytimes.com,Female,Automation Specialist II,9592.37
Laney,Ughini,lughinifz@cam.ac.uk,Male,Assistant Manager,9078.2
Bo,Jeays,bjeaysg0@patch.com,Male,Design Engineer,5601.73
Rikki,Dmitr,rdmitrg1@dedecms.com,Agender,Environmental Specialist,7609.07
Tobiah,Issard,tissardg2@google.com.au,Male,Information Systems Manager,6505.65
Nicola,Mc Gaughey,nmcgaugheyg3@naver.com,Male,Web Designer I,3551.6
Hashim,Como,hcomog4@spiegel.de,Male,Pharmacist,9800.92
Nicol,Berecloth,nbereclothg5@dagondesign.com,Male,Junior Executive,6198.55
Guinevere,Colquitt,gcolquittg6@shareasale.com,Female,Payment Adjustment Coordinator,2190.28
Ericha,Hearnes,ehearnesg7@wisc.edu,Female,Account Executive,7371.95
Rafa,Maken,rmakeng8@list-manage.com,Female,Accounting Assistant IV,5186.68
Addie,Minall,aminallg9@amazonaws.com,Male,Media Manager II,6909.07
Griz,Blum,gblumga@dot.gov,Male,Tax Accountant,8245.56
Ralph,Kulic,rkulicgb@irs.gov,Male,Assistant Professor,4833.08
Shamus,Pinkney,spinkneygc@fda.gov,Male,Dental Hygienist,7736.95
Baxter,West-Frimley,bwestfrimleygd@psu.edu,Male,Information Systems Manager,9227.62
Jorey,Beavon,jbeavonge@issuu.com,Female,Computer Systems Analyst III,4175.64
Kameko,Verney,kverneygf@netvibes.com,Female,Assistant Media Planner,4723.15
Julita,Shillaber,jshillabergg@princeton.edu,Female,Sales Representative,6227.46
Kerstin,Mansell,kmansellgh@ucoz.ru,Female,Structural Analysis Engineer,4975.83
Del,Hugnin,dhugningi@gmpg.org,Male,Nuclear Power Engineer,9533.18
Kylie,Fingleton,kfingletongj@xrea.com,Female,Research Assistant I,4221.52
Walther,Moland,wmolandgk@weebly.com,Male,Chief Design Engineer,6320.57
Beltran,Houndsom,bhoundsomgl@yellowbook.com,Male,Mechanical Systems Engineer,2933.09
Conrado,Morhall,cmorhallgm@mlb.com,Male,Executive Secretary,5276.22
Berne,Oliphand,boliphandgn@1und1.de,Male,Accountant II,5870.87
Susannah,Challace,schallacego@github.com,Female,Teacher,8188.97
Kristian,Stradling,kstradlinggp@networkadvertising.org,Male,Nuclear Power Engineer,7644.13
Scottie,Greeve,sgreevegq@hostgator.com,Male,Associate Professor,5755.08
Terry,Riquet,triquetgr@chicagotribune.com,Male,GIS Technical Architect,5317.61
Micheil,Albrooke,malbrookegs@yale.edu,Male,Senior Developer,6743.81
Johann,Learmont,jlearmontgt@techcrunch.com,Male,Research Associate,9886.33
Kienan,Selborne,kselbornegu@paginegialle.it,Male,Analyst Programmer,3972.81
Yvette,Tison,ytisongv@nymag.com,Female,Statistician I,6661.34
Rhodia,Towe,rtowegw@yahoo.com,Female,Senior Developer,8442.42
Gabe,Leith,gleithgx@canalblog.com,Male,Developer I,3488.27
Lyndsay,Danielli,ldanielligy@dyndns.org,Female,Information Systems Manager,3478.12
Nettle,Hinstock,nhinstockgz@blogger.com,Female,Systems Administrator IV,3349.07
Elvina,Dreger,edregerh0@narod.ru,Female,Dental Hygienist,8827.05
Timotheus,Strognell,tstrognellh1@vinaora.com,Male,Information Systems Manager,6804.36
Rhonda,Stearndale,rstearndaleh2@senate.gov,Female,Occupational Therapist,9800.13
Tomasina,Farrear,tfarrearh3@behance.net,Non-binary,Executive Secretary,8624.85
Noellyn,Peery,npeeryh4@dyndns.org,Female,Research Associate,8767.01
Teador,Spence,tspenceh5@usnews.com,Male,Research Assistant IV,8467.54
Killy,Crayke,kcraykeh6@answers.com,Male,Information Systems Manager,5266.76
Dwight,Deakin,ddeakinh7@mozilla.com,Male,Executive Secretary,9177.41
Godfree,Eaken,geakenh8@wufoo.com,Male,Chemical Engineer,3972.32
Steward,O'Sheils,sosheilsh9@wordpress.org,Male,Occupational Therapist,6324.76
Laird,Gluyas,lgluyasha@disqus.com,Male,Human Resources Manager,5724.94
Reeba,Dumsday,rdumsdayhb@about.com,Female,Web Designer II,2041.55
Bernarr,Kettlestring,bkettlestringhc@ebay.co.uk,Male,Data Coordinator,3695.28
Demetris,Gresch,dgreschhd@sogou.com,Male,Marketing Assistant,9312.02
Bendicty,Kilbourne,bkilbournehe@ox.ac.uk,Male,Editor,5126.37
Molli,Yann,myannhf@ocn.ne.jp,Female,Information Systems Manager,8266.04
Gonzalo,Kipping,gkippinghg@tiny.cc,Male,Safety Technician III,9112.04
Kain,Vannini,kvanninihh@nifty.com,Polygender,Senior Quality Engineer,7987.54
Mirilla,Trevaskus,mtrevaskushi@samsung.com,Female,Assistant Media Planner,9373.14
Titus,Jurgen,tjurgenhj@webs.com,Male,Media Manager I,4186.29
Tessi,Tonkin,ttonkinhk@ebay.com,Female,Biostatistician II,2879.93
Leesa,Pimlett,lpimletthl@dagondesign.com,Female,Operator,8920.36
Sondra,Lorand,slorandhm@google.com.br,Female,Structural Analysis Engineer,2747.51
Flossi,O'Currine,focurrinehn@tamu.edu,Female,Assistant Professor,8074.31
Rolland,Sara,rsaraho@huffingtonpost.com,Male,Clinical Specialist,7640.74
Gardener,Sample,gsamplehp@example.com,Male,Assistant Professor,3451.62
Chicky,Mulcahy,cmulcahyhq@yellowbook.com,Female,Physical Therapy Assistant,8185.17
Nikoletta,Goodfellow,ngoodfellowhr@npr.org,Female,Research Nurse,6867.72
Germaine,Bragger,gbraggerhs@whitehouse.gov,Bigender,Mechanical Systems Engineer,9077.57
Culley,Rengger,crenggerht@360.cn,Male,Software Engineer III,5827.16
Christy,Cornhill,ccornhillhu@stumbleupon.com,Male,Software Engineer I,8320.55
Angelle,Dealey,adealeyhv@360.cn,Genderqueer,Research Associate,6682.6
Heida,Drewett,hdrewetthw@state.tx.us,Female,Financial Analyst,6406.61
Anabelle,Kobiela,akobielahx@weibo.com,Female,Dental Hygienist,5512.53
Catriona,Duxbarry,cduxbarryhy@usatoday.com,Polygender,Analog Circuit Design manager,6528.93
Shayne,Wimmer,swimmerhz@topsy.com,Male,Project Manager,4394.23
Melania,Rushby,mrushbyi0@xing.com,Female,Teacher,5312.95
Kimbell,Woolhouse,kwoolhousei1@elpais.com,Male,Senior Editor,7005.68
Josiah,Turk,jturki2@dedecms.com,Male,Account Representative III,7970.44
Salim,Spragg,sspraggi3@yellowbook.com,Male,Associate Professor,3121.22
Lawry,Aked,lakedi4@live.com,Male,Information Systems Manager,6594.58
Elena,Jankovsky,ejankovskyi5@elegantthemes.com,Female,Research Associate,7749.72
Kizzie,Pool,kpooli6@is.gd,Female,Structural Engineer,7032.34
Joane,Bradley,jbradleyi7@elegantthemes.com,Female,Technical Writer,3300.63
Dorothea,Bougen,dbougeni8@senate.gov,Female,Web Designer III,6899.41
Nada,Commings,ncommingsi9@phoca.cz,Female,Recruiting Manager,5672.65
Nevil,Trevaskis,ntrevaskisia@weebly.com,Male,Programmer IV,4789.56
Brandi,Drakes,bdrakesib@uol.com.br,Female,Biostatistician IV,9000.51
Dorita,Cordie,dcordieic@fotki.com,Female,Physical Therapy Assistant,3295.67
Carolin,Boak,cboakid@geocities.jp,Female,Community Outreach Specialist,2486.83
Henka,Catonnet,hcatonnetie@macromedia.com,Female,Editor,2735.74
Ari,Baltrushaitis,abaltrushaitisif@patch.com,Male,Executive Secretary,5944.85
Rad,Housego,rhousegoig@chicagotribune.com,Male,Information Systems Manager,2777.16
Ryley,Espinha,respinhaih@washington.edu,Male,Analyst Programmer,7021.19
Asia,Glasner,aglasnerii@auda.org.au,Female,Help Desk Operator,8203.84
Claudine,Notti,cnottiij@sun.com,Female,Community Outreach Specialist,6563.53
Randee,Streeter,rstreeterik@japanpost.jp,Female,Registered Nurse,9048.95
Graig,Deeming,gdeemingil@utexas.edu,Male,Research Associate,3343.58
Friedrich,Heffernan,fheffernanim@xrea.com,Male,Recruiting Manager,2567.55
Allyce,Sime,asimein@redcross.org,Female,Research Associate,2944.65
Ulberto,Betancourt,ubetancourtio@51.la,Polygender,Editor,4549.32
Bettina,Seldner,bseldnerip@flavors.me,Female,Tax Accountant,3845.72
Ede,Allmann,eallmanniq@soup.io,Female,Automation Specialist II,2361.91
Gail,Grimley,ggrimleyir@naver.com,Female,Analyst Programmer,7115.59
Loraine,Akred,lakredis@miitbeian.gov.cn,Female,Staff Accountant III,2916.27
Oliviero,Wellings,owellingsit@hubpages.com,Male,Senior Quality Engineer,6182.08
Ray,Bolin,rboliniu@fema.gov,Female,Health Coach II,7717.0
Melanie,Meric,mmericiv@dmoz.org,Female,Safety Technician I,7970.53
Mirilla,Alenshev,malensheviw@privacy.gov.au,Female,Quality Control Specialist,4665.5
Gratiana,Cowterd,gcowterdix@buzzfeed.com,Female,Chemical Engineer,2584.94
Charlie,Haizelden,chaizeldeniy@amazon.co.jp,Agender,Data Coordinator,4185.25
Florrie,Peploe,fpeploeiz@nature.com,Female,Registered Nurse,6477.84
Hersh,Shilton,hshiltonj0@wordpress.com,Male,VP Sales,3960.72
Everard,Smy,esmyj1@altervista.org,Male,Database Administrator III,5391.16
Collie,Grimsdike,cgrimsdikej2@scribd.com,Female,Financial Advisor,7896.61
Minna,Runge,mrungej3@usa.gov,Female,Physical Therapy Assistant,7517.12
Ellsworth,De Few,edefewj4@cnbc.com,Male,Health Coach II,6509.19
Ilyse,Senter,isenterj5@wsj.com,Female,Senior Quality Engineer,8065.84
Martino,Fentem,mfentemj6@google.pl,Male,Professor,4354.81
Tailor,Verna,tvernaj7@1und1.de,Male,Analog Circuit Design manager,5276.72
Dru,Rubke,drubkej8@cbc.ca,Male,Budget/Accounting Analyst III,3231.57
Weidar,Shoemark,wshoemarkj9@tinypic.com,Male,Actuary,7871.13
Terrye,Belvin,tbelvinja@deliciousdays.com,Genderqueer,Chief Design Engineer,9925.34
Timofei,Casbolt,tcasboltjb@linkedin.com,Male,GIS Technical Architect,9292.57
Emelen,Hanington,ehaningtonjc@vinaora.com,Male,Geological Engineer,9686.38
Dayle,Pfeffel,dpfeffeljd@usatoday.com,Female,Database Administrator I,8464.54
Richmound,Ferraresi,rferraresije@example.com,Male,Engineer I,9193.46
Zach,Gietz,zgietzjf@issuu.com,Male,Teacher,6241.07
Lindsay,Gauler,lgaulerjg@rediff.com,Female,VP Accounting,8499.14
Neron,Garnsworth,ngarnsworthjh@wordpress.org,Genderfluid,Cost Accountant,5253.12
Melonie,Tregent,mtregentji@unesco.org,Female,Safety Technician IV,5880.0
Tanhya,Orleton,torletonjj@qq.com,Female,Associate Professor,8787.39
Cicily,Arlett,carlettjk@virginia.edu,Female,Software Test Engineer I,4600.11
Rickie,Prozescky,rprozesckyjl@nyu.edu,Male,Data Coordinator,3126.84
Blisse,Pabelik,bpabelikjm@state.gov,Female,Food Chemist,9920.2
Lindy,Wolfer,lwolferjn@admin.ch,Male,Chief Design Engineer,2317.62
Marga,Matthensen,mmatthensenjo@sciencedaily.com,Female,Staff Accountant I,5294.48
Curran,Gowar,cgowarjp@ucoz.ru,Male,Senior Editor,4121.56
Erda,Pannaman,epannamanjq@aboutads.info,Female,Structural Analysis Engineer,4550.95
Forster,Budibent,fbudibentjr@dmoz.org,Male,Administrative Officer,3060.98
Clara,Shevlan,cshevlanjs@seesaa.net,Genderqueer,Senior Sales Associate,4362.54
Nestor,Pinnington,npinningtonjt@nationalgeographic.com,Male,Senior Editor,6395.04
Tish,Savil,tsavilju@joomla.org,Agender,Pharmacist,3859.55
Milly,McClary,mmcclaryjv@merriam-webster.com,Female,Executive Secretary,8478.87
Julie,Sarten,jsartenjw@buzzfeed.com,Female,Assistant Professor,9384.57
Marven,McCurrie,mmccurriejx@slate.com,Male,Chemical Engineer,3881.29
Ardra,Gley,agleyjy@exblog.jp,Female,Quality Control Specialist,6513.38
Dougie,McColgan,dmccolganjz@skype.com,Male,Accountant I,8331.99
Michaela,Beccles,mbecclesk0@sitemeter.com,Female,Payment Adjustment Coordinator,7351.61
Brendin,Bundock,bbundockk1@prnewswire.com,Male,Civil Engineer,4692.87
Rosco,Coggin,rcoggink2@drupal.org,Male,Environmental Specialist,6358.53
Priscilla,Biggin,pbiggink3@wired.com,Bigender,Software Engineer IV,5386.9
Emelita,Warder,ewarderk4@elpais.com,Female,Senior Cost Accountant,7323.77
Joann,Doni,jdonik5@bloglines.com,Female,Help Desk Operator,5716.65
Keefer,Sutter,ksutterk6@bloglovin.com,Male,Staff Scientist,2750.31
Wadsworth,Atwell,watwellk7@mapy.cz,Genderqueer,Chemical Engineer,4347.46
Ruprecht,Scholtz,rscholtzk8@tripadvisor.com,Male,Social Worker,9731.25
Marilin,Caselli,mcasellik9@google.com.br,Female,Design Engineer,8441.89
Natalina,Andrioli,nandriolika@vistaprint.com,Bigender,Director of Sales,2856.48
Ambrosio,Aird,aairdkb@guardian.co.uk,Male,Help Desk Operator,7470.2
Valry,McRory,vmcrorykc@1688.com,Female,Nurse Practicioner,5922.76
Rivalee,Cosson,rcossonkd@dailymotion.com,Genderqueer,Research Nurse,3553.0
Zondra,Marlon,zmarlonke@1688.com,Female,Quality Control Specialist,8137.69
Nissie,Been,nbeenkf@furl.net,Female,VP Sales,2030.1
Hortense,Joly,hjolykg@cocolog-nifty.com,Female,Desktop Support Technician,4333.61
Kory,Dairton,kdairtonkh@cbc.ca,Male,Media Manager IV,4378.62
Florence,Trusler,ftruslerki@washington.edu,Female,Senior Sales Associate,2144.43
Jeromy,Wasylkiewicz,jwasylkiewiczkj@state.tx.us,Genderfluid,Civil Engineer,9133.85
Lexy,Gerriets,lgerrietskk@chronoengine.com,Female,Programmer I,7589.95
Ignaz,Auchterlony,iauchterlonykl@slashdot.org,Non-binary,Marketing Assistant,8102.04
Benn,Whapham,bwhaphamkm@twitter.com,Male,Cost Accountant,9596.62
Ruby,Mathely,rmathelykn@msu.edu,Genderqueer,Librarian,7935.43
Kylie,Taffurelli,ktaffurelliko@answers.com,Male,Staff Accountant I,4048.46
Abbot,Ortiga,aortigakp@youku.com,Male,Mechanical Systems Engineer,9985.53
Skipp,Ezzell,sezzellkq@zdnet.com,Male,Accountant I,8240.27
Andros,Wooland,awoolandkr@yelp.com,Male,Pharmacist,7676.83
Elmo,Andreasen,eandreasenks@soundcloud.com,Male,Information Systems Manager,8880.46
Rufus,Willan,rwillankt@chicagotribune.com,Male,Geological Engineer,5470.6
Rance,Booth,rboothku@hubpages.com,Male,Programmer IV,6444.39
Adoree,Geri,agerikv@bbb.org,Female,Statistician II,7403.52
Marlowe,Dolder,mdolderkw@dot.gov,Male,Business Systems Development Analyst,6017.46
Rabi,Henzley,rhenzleykx@unc.edu,Male,Accounting Assistant III,8036.65
Cosmo,Langworthy,clangworthyky@hud.gov,Male,Business Systems Development Analyst,4646.72
Davin,Cayet,dcayetkz@shop-pro.jp,Male,Dental Hygienist,7211.49
Reese,Andrea,randreal0@bigcartel.com,Male,Environmental Tech,4725.63
Dulcea,Bolwell,dbolwelll1@unblog.fr,Female,Health Coach I,8030.44
Melva,Weiss,mweissl2@tinyurl.com,Non-binary,Accounting Assistant IV,3167.87
Marven,Stroton,mstrotonl3@flickr.com,Agender,Graphic Designer,9040.44
Phylis,Lorkins,plorkinsl4@businessinsider.com,Female,Account Representative II,9700.73
Olav,Smeed,osmeedl5@nsw.gov.au,Male,Media Manager I,6761.26
Reese,Ketchaside,rketchasidel6@google.co.uk,Male,Dental Hygienist,6590.87
Essy,Wynter,ewynterl7@vkontakte.ru,Female,Clinical Specialist,3773.88
Fedora,Denial,fdeniall8@globo.com,Female,VP Product Management,9450.9
Lou,Tubbs,ltubbsl9@deliciousdays.com,Male,Help Desk Operator,3709.26
Chicky,Edmunds,cedmundsla@twitpic.com,Female,Paralegal,6082.8
Josephina,Plaskitt,jplaskittlb@nifty.com,Female,Recruiter,6938.54
Lyon,Casiroli,lcasirolilc@independent.co.uk,Male,Analyst Programmer,4667.1
Lucho,Iacomini,liacominild@businesswire.com,Male,Nuclear Power Engineer,5826.11
Nicolina,Letford,nletfordle@netvibes.com,Female,Director of Sales,8759.16
Muriel,Aizlewood,maizlewoodlf@bbb.org,Female,Desktop Support Technician,5247.82
Rosalie,Tonge,rtongelg@nba.com,Female,Clinical Specialist,8241.42
Riccardo,McCully,rmccullylh@wisc.edu,Male,Compensation Analyst,2117.1
Kala,Waterhouse,kwaterhouseli@dyndns.org,Female,VP Product Management,5583.62
Garwood,Farran,gfarranlj@google.nl,Male,Teacher,9568.24
Quillan,Gladdin,qgladdinlk@house.gov,Genderfluid,Marketing Assistant,4304.54
Inez,Arnould,iarnouldll@artisteer.com,Non-binary,Budget/Accounting Analyst II,5684.75
Madelene,Kemmons,mkemmonslm@geocities.com,Female,Account Coordinator,2103.51
Siusan,Park,sparkln@arstechnica.com,Female,Structural Engineer,5570.71
Farly,Kment,fkmentlo@yahoo.com,Male,Developer II,8812.55
Portie,Lagen,plagenlp@list-manage.com,Male,Clinical Specialist,3964.4
Raynard,Helian,rhelianlq@cornell.edu,Male,Cost Accountant,3044.48
Earlie,Goaley,egoaleylr@spotify.com,Male,Internal Auditor,6284.97
Odilia,Giddens,ogiddensls@de.vu,Agender,Biostatistician IV,6058.22
Aryn,Arrault,aarraultlt@issuu.com,Female,Human Resources Manager,3077.16
Neely,Tertre,ntertrelu@people.com.cn,Female,Editor,5324.54
Lusa,Dawtry,ldawtrylv@ovh.net,Female,Research Assistant IV,7955.76
De witt,Heaysman,dheaysmanlw@wikispaces.com,Male,Software Consultant,3857.98
Jere,McGarvey,jmcgarveylx@twitpic.com,Female,Database Administrator III,6317.37
Clark,Thormann,cthormannly@soup.io,Male,Legal Assistant,8450.02
Terrie,Hellwing,thellwinglz@omniture.com,Female,Account Representative IV,7212.96
Chaddy,Tolerton,ctolertonm0@yandex.ru,Male,Internal Auditor,5442.84
Hayyim,Annable,hannablem1@cam.ac.uk,Male,Desktop Support Technician,4722.26
Locke,Ratter,lratterm2@businessweek.com,Male,Social Worker,6127.85
Sabine,Grimmer,sgrimmerm3@imdb.com,Genderqueer,Marketing Manager,4583.1
Baily,Benoiton,bbenoitonm4@smugmug.com,Male,Marketing Assistant,8030.22
Leroi,Roney,lroneym5@blogger.com,Male,Graphic Designer,8419.56
Rea,Southcoat,rsouthcoatm6@china.com.cn,Female,Teacher,7179.15
Rock,Coulman,rcoulmanm7@hexun.com,Male,Nurse,6948.08
Alwyn,Castagne,acastagnem8@telegraph.co.uk,Male,Database Administrator IV,9458.88
Thom,Hulkes,thulkesm9@accuweather.com,Non-binary,Geological Engineer,7462.48
Westbrook,Romanin,wromaninma@slideshare.net,Male,Staff Accountant III,2371.25
Cedric,Lamanby,clamanbymb@trellian.com,Male,Analyst Programmer,9867.12
Malissia,Chalcot,mchalcotmc@wikia.com,Female,Software Test Engineer III,8134.45
Kendre,Agron,kagronmd@cpanel.net,Female,Financial Analyst,4547.34
Vinny,Giovanizio,vgiovaniziome@sciencedirect.com,Female,Accounting Assistant I,2614.33
Michell,Jorck,mjorckmf@desdev.cn,Female,Physical Therapy Assistant,5285.79
Clarabelle,Tolworthie,ctolworthiemg@posterous.com,Female,Safety Technician IV,7022.81
Gwendolin,Queen,gqueenmh@state.tx.us,Female,Registered Nurse,2429.37
Shir,Worlock,sworlockmi@time.com,Female,Research Nurse,8994.64
Betty,Plomer,bplomermj@whitehouse.gov,Female,Quality Control Specialist,5239.86
Katine,Brafferton,kbraffertonmk@mac.com,Female,Geological Engineer,6174.49
Kareem,Boughey,kbougheyml@ebay.co.uk,Male,Safety Technician II,8341.75
Reinhard,Rachuig,rrachuigmm@oaic.gov.au,Male,Clinical Specialist,3212.64
Marthena,Whorton,mwhortonmn@reverbnation.com,Female,Editor,8666.65
Sabra,Harbertson,sharbertsonmo@shinystat.com,Genderfluid,Cost Accountant,8061.77
Aveline,Sweet,asweetmp@bluehost.com,Female,Senior Financial Analyst,2472.2
Joy,Sanders,jsandersmq@house.gov,Genderfluid,VP Quality Control,5717.66
Malanie,Pawelski,mpawelskimr@elpais.com,Female,Cost Accountant,3179.64
Aymer,Higgen,ahiggenms@trellian.com,Male,Budget/Accounting Analyst II,4577.27
Alexander,Fitzhenry,afitzhenrymt@guardian.co.uk,Male,Web Developer IV,6598.67
Meir,Rabbatts,mrabbattsmu@purevolume.com,Male,Engineer II,8315.84
Gearalt,Raiment,graimentmv@uol.com.br,Genderqueer,Media Manager IV,6903.68
Obed,Ellick,oellickmw@abc.net.au,Male,Account Executive,6392.58
Phelia,Reisk,preiskmx@behance.net,Bigender,Software Engineer I,8631.31
Major,Hardeman,mhardemanmy@google.cn,Male,Assistant Professor,9889.32
Cornelle,Hattersley,chattersleymz@omniture.com,Female,Director of Sales,9479.41
Gilli,Cosens,gcosensn0@jiathis.com,Female,Account Coordinator,9793.94
Ignaz,Haddleton,ihaddletonn1@census.gov,Male,Design Engineer,5204.49
Con,Waddy,cwaddyn2@cbsnews.com,Female,Junior Executive,2772.6
Georgy,Gaspar,ggasparn3@state.gov,Male,Human Resources Assistant II,8222.66
Kelli,Pegram,kpegramn4@arizona.edu,Female,Operator,8906.04
Velma,Keller,vkellern5@sciencedirect.com,Female,Human Resources Manager,8965.65
Paulie,Ottiwill,pottiwilln6@tripadvisor.com,Female,VP Quality Control,5827.85
Joline,Cadd,jcaddn7@gizmodo.com,Female,Account Representative I,4697.76
Verney,Montford,vmontfordn8@newsvine.com,Male,Systems Administrator II,6646.88
Angelia,Stoffler,astofflern9@a8.net,Female,Nuclear Power Engineer,8687.23
Saree,Fleischmann,sfleischmannna@globo.com,Female,Accounting Assistant II,2628.93
Darice,Bellocht,dbellochtnb@pagesperso-orange.fr,Female,Marketing Assistant,8620.47
Charlotta,Ebbotts,cebbottsnc@blogspot.com,Bigender,Compensation Analyst,6160.12
Carling,Wyllie,cwylliend@spotify.com,Male,Editor,2246.11
Viviana,Jedraszek,vjedraszekne@cbsnews.com,Female,VP Product Management,6245.08
Jules,McLaren,jmclarennf@opera.com,Genderfluid,VP Marketing,8811.0
Thorsten,Sutherland,tsutherlandng@bbb.org,Male,Compensation Analyst,6965.93
Lila,Dumper,ldumpernh@domainmarket.com,Female,Actuary,8541.93
Chan,Leefe,cleefeni@google.de,Male,Assistant Manager,9080.59
Granville,Setterfield,gsetterfieldnj@geocities.jp,Male,Account Coordinator,9383.94
Pieter,Gibling,pgiblingnk@canalblog.com,Male,Chief Design Engineer,4970.89
Domenico,Heddon,dheddonnl@wikimedia.org,Male,Web Developer III,4804.41
Eolanda,Gronowe,egronowenm@squarespace.com,Non-binary,Food Chemist,9383.08
Quentin,Covet,qcovetnn@altervista.org,Female,Software Test Engineer I,2079.01
Carree,Vardon,cvardonno@livejournal.com,Female,Project Manager,9261.04
Jesse,Gladdolph,jgladdolphnp@tumblr.com,Male,Account Executive,2112.12
Olag,Aluard,oaluardnq@over-blog.com,Male,Graphic Designer,5612.65
Dahlia,Pyrton,dpyrtonnr@webeden.co.uk,Female,Environmental Tech,6662.29
Brittne,Balf,bbalfns@usnews.com,Female,Clinical Specialist,8595.16
Anett,Benjafield,abenjafieldnt@mozilla.org,Female,Design Engineer,5507.34
Maxie,Baldree,mbaldreenu@angelfire.com,Female,Social Worker,6953.0
Erastus,Folkerts,efolkertsnv@shop-pro.jp,Male,Media Manager II,2160.26
Yoshi,Muggach,ymuggachnw@histats.com,Genderfluid,Developer IV,7433.34
Leah,Phair,lphairnx@disqus.com,Female,Clinical Specialist,9956.22
Astrid,Wrangle,awrangleny@i2i.jp,Female,Administrative Officer,2286.69
Stefano,Riedel,sriedelnz@sbwire.com,Male,Engineer IV,8096.01
Justine,Turgoose,jturgooseo0@theguardian.com,Female,Community Outreach Specialist,7240.22
Ailey,Querrard,aquerrardo1@google.com,Female,Pharmacist,8185.92
Geneva,Kiddy,gkiddyo2@hatena.ne.jp,Female,Software Test Engineer II,7562.93
Chrotoem,Taill,ctaillo3@booking.com,Male,Geological Engineer,3843.06
Shepard,Halford,shalfordo4@unblog.fr,Male,General Manager,4902.47
Manfred,Bianco,mbiancoo5@jiathis.com,Male,Paralegal,4143.88
Vina,Pimlock,vpimlocko6@admin.ch,Female,Junior Executive,7561.09
Mirabelle,Mosey,mmoseyo7@vkontakte.ru,Female,Associate Professor,3077.49
Rochette,Garret,rgarreto8@icq.com,Female,Administrative Assistant IV,3798.67
Tuckie,Bulloch,tbullocho9@cloudflare.com,Male,Internal Auditor,5849.77
Glenn,Breede,gbreedeoa@vistaprint.com,Female,VP Accounting,9082.54
Byran,Hayesman,bhayesmanob@buzzfeed.com,Male,Civil Engineer,7928.19
Granville,Gobeau,ggobeauoc@list-manage.com,Male,Automation Specialist II,2663.08
Wes,Bouttell,wbouttellod@youtu.be,Male,Nurse Practicioner,2240.04
Cassandry,Ranking,crankingoe@census.gov,Female,Engineer III,8626.35
Kean,Bollam,kbollamof@skyrock.com,Male,General Manager,4271.94
Melisent,McCarver,mmccarverog@rediff.com,Female,Financial Analyst,3220.77
Gallard,Streatley,gstreatleyoh@free.fr,Male,Web Designer II,8682.04
Perl,De Blase,pdeblaseoi@blogger.com,Bigender,Media Manager III,4758.89
Georgeta,Riccardelli,griccardellioj@naver.com,Female,Executive Secretary,8090.81
Elspeth,Skilling,eskillingok@webmd.com,Female,Project Manager,5794.64
Averill,Caw,acawol@alibaba.com,Male,Financial Advisor,4891.89
Geri,McDonald,gmcdonaldom@time.com,Female,Human Resources Manager,3070.12
Javier,Shuttle,jshuttleon@list-manage.com,Male,Data Coordinator,4592.51
Myrta,Escofier,mescofieroo@xinhuanet.com,Female,Nurse,2884.64
Morna,Bussy,mbussyop@rakuten.co.jp,Female,Technical Writer,9648.18
Wainwright,Arrighi,warrighioq@marriott.com,Male,Graphic Designer,5730.29
Ricki,Yegorshin,ryegorshinor@last.fm,Male,Environmental Specialist,7604.47
Devy,Winward,dwinwardos@edublogs.org,Male,Professor,5067.3
Wyn,Ryce,wryceot@arstechnica.com,Male,Structural Analysis Engineer,6302.47
Warde,Piscopiello,wpiscopielloou@japanpost.jp,Male,Chemical Engineer,3756.98
Russell,Ghelerdini,rghelerdiniov@free.fr,Male,Help Desk Technician,2845.87
Robinette,Ortzen,rortzenow@lycos.com,Female,Accountant II,5554.38
Emmye,Mackro,emackroox@tinypic.com,Female,VP Accounting,8896.76
Tracie,Mallinar,tmallinaroy@istockphoto.com,Male,Structural Engineer,9316.55
Marlin,Skokoe,mskokoeoz@ca.gov,Male,Editor,6618.6
Ruttger,A'field,rafieldp0@forbes.com,Male,Staff Scientist,4892.62
Bogart,Blakes,bblakesp1@pcworld.com,Male,Senior Sales Associate,8864.96
Bari,Cowterd,bcowterdp2@cyberchimps.com,Genderfluid,Statistician IV,9744.62
Augustina,Prowse,aprowsep3@auda.org.au,Female,Senior Quality Engineer,6566.21
Meggy,Holworth,mholworthp4@blog.com,Female,Analyst Programmer,3003.25
Rey,Deamer,rdeamerp5@usnews.com,Female,General Manager,2161.48
Abraham,Platts,aplattsp6@google.cn,Male,Senior Quality Engineer,8979.39
Gayel,O'Caherny,gocahernyp7@alibaba.com,Female,Account Representative I,6170.84
Rafaelita,Hambright,rhambrightp8@addthis.com,Female,VP Quality Control,8659.23
Eb,Sollam,esollamp9@narod.ru,Male,Staff Accountant I,2480.79
Ham,Cleworth,hcleworthpa@zdnet.com,Male,Project Manager,6546.84
Rochell,Ireland,rirelandpb@marketwatch.com,Female,Recruiting Manager,8313.49
Evered,Siviter,esiviterpc@parallels.com,Male,Payment Adjustment Coordinator,3922.77
Harriott,Keuning,hkeuningpd@hatena.ne.jp,Female,Statistician III,9462.73
Elianora,enzley,eenzleype@huffingtonpost.com,Female,Accounting Assistant I,4289.73
Tedie,Jantot,tjantotpf@wiley.com,Male,VP Sales,9233.02
Lennard,Eburne,leburnepg@comsenz.com,Male,VP Accounting,4748.25
Marena,Soanes,msoanesph@macromedia.com,Agender,Speech Pathologist,6728.53
Tedi,Orgill,torgillpi@accuweather.com,Female,Biostatistician II,5941.09
Sheffy,Deniso,sdenisopj@is.gd,Male,Quality Control Specialist,6770.83
Blondelle,Thrift,bthriftpk@surveymonkey.com,Female,Programmer I,2327.57
Noami,McKall,nmckallpl@biblegateway.com,Female,VP Accounting,2718.82
Eugenio,Jina,ejinapm@opensource.org,Male,Design Engineer,4275.72
Dodi,Ourry,dourrypn@webeden.co.uk,Female,Desktop Support Technician,7900.29
Billy,Antonomolii,bantonomoliipo@soundcloud.com,Agender,Nuclear Power Engineer,4109.9
Cherrita,Lumpkin,clumpkinpp@msn.com,Female,Accounting Assistant III,8595.54
Corry,Prettyjohns,cprettyjohnspq@usatoday.com,Female,Financial Analyst,5954.28
Berget,Giacomi,bgiacomipr@answers.com,Female,Teacher,2386.16
Kesley,Warnock,kwarnockps@multiply.com,Female,Systems Administrator IV,9857.2
Clare,Works,cworkspt@shop-pro.jp,Male,Engineer III,3174.11
Richy,Dodworth,rdodworthpu@joomla.org,Male,Occupational Therapist,5415.22
Abel,Swinerd,aswinerdpv@feedburner.com,Bigender,Clinical Specialist,8094.16
Flossy,Plowright,fplowrightpw@google.com.au,Female,Software Consultant,4950.62
Tonya,Hender,thenderpx@google.co.uk,Female,Administrative Assistant II,3845.38
Josiah,Neem,jneempy@wunderground.com,Male,Physical Therapy Assistant,7464.62
Portie,Gristock,pgristockpz@nyu.edu,Male,Structural Analysis Engineer,9114.41
Shae,Webben,swebbenq0@who.int,Male,Geological Engineer,7892.13
Alfreda,Pioch,apiochq1@netlog.com,Female,Administrative Officer,2341.4
Dacia,Goodayle,dgoodayleq2@de.vu,Female,Financial Advisor,8056.34
Agace,Swaisland,aswaislandq3@soup.io,Female,Physical Therapy Assistant,7418.28
Jacques,Vedekhin,jvedekhinq4@exblog.jp,Male,Human Resources Assistant II,5238.48
Rani,Garvin,rgarvinq5@unc.edu,Female,Research Assistant IV,4545.71
Dreddy,Korlat,dkorlatq6@loc.gov,Female,Developer II,3614.32
Alis,Nowakowski,anowakowskiq7@de.vu,Female,Senior Sales Associate,2824.14
Ellary,Mourton,emourtonq8@bbb.org,Male,General Manager,5423.04
Grazia,Kille,gkilleq9@ox.ac.uk,Female,Chemical Engineer,9840.31
Durante,Puckinghorne,dpuckinghorneqa@cpanel.net,Male,Chemical Engineer,7327.92
Catie,Urion,curionqb@adobe.com,Bigender,Payment Adjustment Coordinator,5322.57
Westbrooke,McLoughlin,wmcloughlinqc@taobao.com,Male,Human Resources Assistant III,2182.03
Dennie,McDonagh,dmcdonaghqd@mit.edu,Male,Associate Professor,2167.81
Neila,Batram,nbatramqe@cnet.com,Female,Civil Engineer,2075.29
Rayner,Twidell,rtwidellqf@over-blog.com,Bigender,Senior Quality Engineer,7541.14
Welbie,Stubbings,wstubbingsqg@cyberchimps.com,Male,Senior Cost Accountant,9625.97
Dennie,Petto,dpettoqh@github.com,Female,Junior Executive,7543.01
Phedra,Hegge,pheggeqi@cdbaby.com,Female,Environmental Tech,8095.27
Ardelis,Avrasin,aavrasinqj@ed.gov,Female,Senior Cost Accountant,2064.48
Gavrielle,Haskins,ghaskinsqk@trellian.com,Female,Payment Adjustment Coordinator,6660.78
Hugibert,Melvin,hmelvinql@plala.or.jp,Male,Health Coach IV,2039.52
Reginauld,Bennallck,rbennallckqm@oaic.gov.au,Male,Structural Engineer,4656.65
Sollie,Hamsley,shamsleyqn@gmpg.org,Male,VP Quality Control,3555.03
Dalton,Alliband,dallibandqo@ycombinator.com,Bigender,Administrative Assistant I,8518.72
Robin,Applewhite,rapplewhiteqp@yahoo.co.jp,Female,Software Engineer IV,7635.07
Bartholomeo,Liggens,bliggensqq@ebay.com,Male,Health Coach I,4174.44
Tedmund,Deinhardt,tdeinhardtqr@seesaa.net,Male,Marketing Assistant,5788.07
Jareb,Rochelle,jrochelleqs@bbc.co.uk,Male,Electrical Engineer,7693.2
Florella,Keers,fkeersqt@pagesperso-orange.fr,Female,Junior Executive,8699.43
Genevra,Baudinet,gbaudinetqu@t-online.de,Female,Sales Associate,3252.51
Gertruda,Rospars,grosparsqv@smh.com.au,Female,Safety Technician IV,7040.61
Taylor,Lewendon,tlewendonqw@oaic.gov.au,Genderqueer,VP Accounting,6119.14
Addia,Duprey,adupreyqx@moonfruit.com,Female,Quality Control Specialist,5499.88
Mattias,Thurlborn,mthurlbornqy@tumblr.com,Male,Senior Quality Engineer,2525.58
Nessy,Armor,narmorqz@digg.com,Female,Office Assistant III,2752.19
Sherye,Abriani,sabrianir0@technorati.com,Female,Senior Editor,8893.56
Mick,Barends,mbarendsr1@eventbrite.com,Male,Systems Administrator III,2527.82
Pauly,MacAless,pmacalessr2@tinypic.com,Male,Health Coach III,5404.09
Errol,Cuddehay,ecuddehayr3@hugedomains.com,Male,Analog Circuit Design manager,5254.92
Ailsun,Knightsbridge,aknightsbridger4@ask.com,Female,Analog Circuit Design manager,6686.83
Thorsten,Brodest,tbrodestr5@amazonaws.com,Male,Registered Nurse,9643.86
Codie,Mealham,cmealhamr6@addthis.com,Male,Nurse Practicioner,3714.82
Marney,Maddison,mmaddisonr7@imgur.com,Female,Professor,5722.51
Myca,Roggers,mroggersr8@purevolume.com,Male,Database Administrator II,5257.98
Zsazsa,Chern,zchernr9@freewebs.com,Female,Project Manager,2745.45
Kym,McGraffin,kmcgraffinra@quantcast.com,Female,Information Systems Manager,8482.51
Bernard,Domleo,bdomleorb@1688.com,Male,Assistant Professor,2105.04
Kennan,Barniss,kbarnissrc@unesco.org,Male,Environmental Specialist,5461.01
Meredith,Callery,mcalleryrd@google.com.au,Male,Structural Engineer,7152.99
Oswell,Beeden,obeedenre@unc.edu,Male,Actuary,9265.02
Mellisa,Padell,mpadellrf@joomla.org,Female,Executive Secretary,2864.54
Greg,Willshere,gwillshererg@edublogs.org,Male,Office Assistant III,2726.83
Tallia,Ketcher,tketcherrh@bandcamp.com,Female,Recruiter,8113.41
Sela,Kellett,skellettri@pcworld.com,Female,Nurse Practicioner,6272.74
Aldridge,Jiggle,ajigglerj@networkadvertising.org,Male,Statistician II,7447.56
Gael,Gwatkin,ggwatkinrk@shop-pro.jp,Female,Business Systems Development Analyst,4161.53
Leanor,Upstell,lupstellrl@about.com,Female,Senior Quality Engineer,6958.39
Buddy,Mendenhall,bmendenhallrm@shop-pro.jp,Non-binary,Project Manager,9640.07
Randell,Ramsay,rramsayrn@engadget.com,Male,Administrative Officer,9897.17
Elsey,Alabone,ealabonero@moonfruit.com,Female,Senior Developer,8247.85
Hermann,Marte,hmarterp@nih.gov,Male,Senior Editor,5517.53
Lindie,Lavarack,llavarackrq@fastcompany.com,Female,Web Designer I,6559.77
Mose,Keasy,mkeasyrr@liveinternet.ru,Male,Project Manager,5744.48
